3.536,2.481,0.82,2.814,0.636,7.061,2.962,3.197,10.186,275.44,555.11,100.27,177.82,-0.56,125.13
3.562,1.967,2.214,2.204,0.738,6.726,1.905,3.363,14.517,274.01,548.92,100.52,177.83,-0.55,125.13
3.022,2.054,2.066,2.253,0.948,8.632,1.639,2.958,11.715,275.44,541.5,101.04,177.82,-0.56,125.14
2.612,2.151,1.726,2.334,1.104,10.071,1.314,2.423,8.176,277.56,534.32,101.53,177.82,-0.56,125.13
2.299,2.229,1.203,2.327,1.164,10.822,1.02,1.884,4.345,279.9,528.5,101.91,177.83,-0.56,125.13
2.02,2.3,0.472,2.294,1.141,10.894,0.676,1.314,0.406,283.43,521.59,102.41,177.82,-0.56,125.12
1.823,2.542,1.235,2.17,0.881,9.659,0.421,0.6,4.744,287.67,515.13,102.93,177.81,-0.57,125.13
1.663,2.672,1.999,2.061,0.712,8.638,0.35,0.203,7.278,292.51,509.08,103.42,177.82,-0.56,125.13
1.574,2.85,2.814,1.956,0.49,7.32,0.213,0.314,9.38,297.97,503.67,103.94,177.82,-0.56,125.13
1.36,2.92,3.242,1.823,0.264,6.238,0.236,0.822,11.425,303.94,498.84,104.44,177.82,-0.56,125.13
1.28,3.257,3.811,1.681,0.069,4.59,0.23,1.285,12.479,310.4,494.75,104.96,177.81,-0.56,125.13
1.174,3.728,4.12,1.552,0.355,2.907,0.222,1.681,12.791,317.37,491.21,105.47,177.82,-0.56,125.13
1.056,4.241,4.266,1.429,0.63,1.32,0.227,2.141,12.4,324.48,488.51,105.96,177.82,-0.56,125.12
0.944,4.882,4.198,1.359,0.847,0.07,0.333,2.699,11.544,331.61,486.67,106.46,177.82,-0.56,125.13
0.845,5.58,4.001,1.293,0.957,1.121,0.463,3.233,10.383,338.84,485.52,106.93,177.83,-0.56,125.12
0.695,6.316,3.733,1.298,0.835,1.837,0.667,4.04,9.108,346.35,485.16,107.46,177.83,-0.56,125.12
0.566,7.016,3.429,1.322,0.476,2.262,0.822,4.906,7.807,353.82,485.57,107.94,177.83,-0.56,125.13
0.465,7.616,3.117,1.398,0.264,2.458,1.084,5.929,6.531,362.17,486.99,108.52,177.83,-0.56,125.13
0.33,7.973,2.853,1.485,1.386,2.489,1.328,6.911,5.443,370.02,489.29,109.07,177.82,-0.56,125.13
0.189,8.125,2.611,1.631,2.847,2.449,1.604,7.719,4.528,376.97,492.22,109.59,177.82,-0.56,125.13
0.054,7.951,2.386,1.754,4.492,2.381,1.883,8.129,3.692,383.45,495.8,110.09,177.82,-0.56,125.13
0.063,7.477,2.184,1.912,6.142,2.29,2.183,7.852,3.056,389.58,500.09,110.62,177.82,-0.56,125.13
0.247,6.722,2.003,2.071,7.613,2.198,2.527,6.891,2.569,395.06,504.86,111.09,177.83,-0.56,125.13
0.386,5.827,1.818,2.202,8.793,2.074,2.91,5.213,2.181,400.14,510.32,111.63,177.82,-0.56,125.13
0.532,4.91,1.648,2.379,9.541,1.953,3.34,2.969,1.95,404.48,516.13,112.14,177.82,-0.56,125.13
0.689,3.925,1.52,2.552,9.825,1.86,3.769,0.273,1.751,408.11,522.27,112.61,177.83,-0.56,125.13
0.83,3.028,1.355,2.727,9.696,1.757,4.315,2.741,1.667,411.16,528.85,113.12,177.82,-0.56,125.13
1.025,2.217,1.251,2.89,9.086,1.616,4.884,5.725,1.609,413.41,535.54,113.62,177.83,-0.56,125.13
1.201,1.585,1.157,3.056,8.102,1.478,5.521,8.47,1.576,415.03,542.56,114.13,177.82,-0.56,125.12
1.416,1.066,1.085,3.191,6.744,1.33,6.271,10.778,1.523,415.83,549.47,114.6,177.83,-0.56,125.12
1.693,0.713,1.037,3.325,5.296,1.215,6.995,12.331,1.484,415.96,556.63,115.14,177.82,-0.56,125.12
1.932,0.471,1.025,3.389,3.903,1.077,7.738,13.163,1.401,415.28,563.67,115.6,177.83,-0.56,125.12
2.203,0.393,0.982,3.382,2.695,0.955,8.53,13.253,1.3,413.94,570.35,116.11,177.82,-0.56,125.13
2.542,0.361,0.935,3.25,1.789,0.849,9.343,12.742,1.189,412.2,576.04,116.5,177.82,-0.56,125.13
2.858,0.343,0.934,2.938,1.129,0.741,10.116,11.856,1.028,409.78,582.01,116.95,177.81,-0.56,125.13
3.165,0.335,0.938,2.409,0.697,0.626,10.796,10.787,0.901,406.51,588.19,117.46,177.82,-0.56,125.13
3.593,0.269,1.001,1.574,0.461,0.513,11.209,9.696,0.649,402.66,593.95,118.02,177.83,-0.56,125.13
4.34,0.274,1.075,0.683,0.41,0.436,11.185,8.845,0.212,398.09,599.44,118.5,177.82,-0.56,125.13
4.213,0.383,0.992,0.522,0.338,0.311,11.833,7.638,0.252,393.4,603.98,118.98,177.82,-0.56,125.13
4.095,0.457,0.966,1.897,0.341,0.206,11.82,6.8,0.075,388,608.26,119.49,177.82,-0.56,125.13
3.723,0.552,0.919,3.292,0.364,0.076,11.539,6.07,0.256,382.16,611.85,119.96,177.83,-0.55,125.14
3.111,0.649,0.866,4.511,0.385,0.049,11.089,5.474,0.504,376.04,614.89,120.46,177.82,-0.56,125.13
2.374,0.758,0.789,5.573,0.45,0.144,10.469,4.963,0.807,369.66,617.26,120.98,177.82,-0.56,125.14
1.398,0.864,0.71,6.34,0.483,0.235,9.748,4.556,1.09,363.08,618.92,121.51,177.82,-0.56,125.13
0.367,0.959,0.599,6.873,0.517,0.3,9.006,4.237,1.42,356.44,619.9,121.99,177.81,-0.56,125.14
0.664,1.088,0.513,7.038,0.537,0.331,8.291,3.91,1.783,349.67,620.12,122.51,177.82,-0.56,125.13
1.693,1.191,0.425,6.904,0.505,0.341,7.576,3.669,2.156,342.8,619.61,123.02,177.82,-0.56,125.13
2.667,1.291,0.308,6.48,0.478,0.338,6.95,3.467,2.508,334.83,618.07,123.61,177.82,-0.56,125.13
3.535,1.362,0.207,5.808,0.462,0.352,6.378,3.34,2.913,328.35,615.99,124.1,177.82,-0.56,125.13
4.188,1.47,0.136,4.906,0.338,0.295,5.936,3.135,3.313,322.41,613.4,124.59,177.82,-0.56,125.13
4.63,1.554,0.061,3.933,0.259,0.277,5.477,3.06,3.76,316.56,610.07,125.13,177.82,-0.56,125.13
4.859,1.594,0.032,2.98,0.194,0.289,5.04,2.947,4.194,311.27,606.22,125.62,177.82,-0.56,125.13
4.967,1.643,0.042,2.093,0.191,0.331,4.647,2.918,4.64,306.38,601.87,126.12,177.82,-0.56,125.13
4.912,1.693,0.106,1.312,0.17,0.419,4.329,2.85,5.08,302,597.01,126.61,177.82,-0.56,125.13
4.703,1.737,0.147,0.671,0.154,0.55,4.008,2.777,5.423,298.2,591.79,127.12,177.81,-0.56,125.13
4.463,1.782,0.176,0.105,0.131,0.739,3.681,2.71,5.716,294.95,586.21,127.63,177.81,-0.56,125.13
4.111,1.784,0.193,0.32,0.119,0.964,3.373,2.648,5.946,292.33,580.21,128.12,177.82,-0.56,125.13
3.759,1.832,0.208,0.661,0.11,1.224,3.147,2.581,5.956,290.43,574.3,128.61,177.82,-0.56,125.13
3.459,1.879,0.232,0.924,0.128,1.575,2.95,2.492,5.829,289.12,568.09,129.13,177.81,-0.56,125.13
3.176,1.981,0.272,1.055,0.201,1.921,2.708,2.352,5.454,288.48,561.89,129.62,177.82,-0.56,125.14
2.888,2.042,0.233,1.189,0.228,2.294,2.495,2.224,4.898,288.47,555.58,130.13,177.81,-0.56,125.14
2.656,2.167,0.184,1.236,0.341,2.628,2.344,1.981,4.162,289.14,549.45,130.62,177.81,-0.56,125.14
2.422,2.225,0.079,1.291,0.383,2.889,2.119,1.78,3.256,290.42,543.46,131.13,177.81,-0.56,125.13
2.236,2.369,0.036,1.314,0.436,3.057,1.949,1.599,2.275,292.15,537.95,131.56,177.83,-0.56,125.13
1.97,2.403,0.219,1.327,0.439,3.121,1.804,1.376,1.184,294.19,533.39,132,177.81,-0.57,125.12
1.806,2.495,0.447,1.351,0.448,3.071,1.692,1.112,0.157,297.13,527.9,132.47,177.81,-0.56,125.12
1.683,2.592,0.651,1.36,0.431,2.893,1.56,0.926,0.804,300.59,522.77,132.97,177.82,-0.56,125.12
1.517,2.7,0.903,1.334,0.374,2.609,1.494,0.615,1.71,304.58,518.11,133.51,177.82,-0.56,125.12
1.446,2.845,1.091,1.332,0.347,2.274,1.449,0.37,2.452,308.99,513.89,134.01,177.82,-0.56,125.12
1.315,2.948,1.283,1.317,0.328,1.876,1.439,0.179,3.025,313.83,510.14,134.49,177.82,-0.56,125.13
1.137,3.06,1.505,1.281,0.327,1.44,1.442,0.22,3.406,319.05,507.07,135.05,177.81,-0.57,125.12
1.055,3.209,1.631,1.282,0.332,1.038,1.458,0.456,3.65,324.5,504.47,135.56,177.82,-0.56,125.13
0.897,3.302,1.757,1.259,0.383,0.644,1.509,0.642,3.729,329.78,502.54,136,177.83,-0.56,125.12
0.863,3.53,1.755,1.249,0.401,0.28,1.574,0.887,3.667,335.59,501.17,136.49,177.82,-0.56,125.12
0.833,3.638,1.772,1.26,0.529,0.041,1.639,1.14,3.547,341.5,500.32,137.02,177.83,-0.56,125.12
0.7,3.75,1.778,1.279,0.703,0.306,1.733,1.348,3.335,347.42,500.16,137.48,177.83,-0.56,125.12
0.586,3.788,1.752,1.279,0.925,0.497,1.873,1.57,3.092,353.36,500.67,138.04,177.81,-0.57,125.13
0.477,3.781,1.699,1.29,1.196,0.64,1.981,1.675,2.828,360.65,502.05,138.66,177.82,-0.56,125.13
0.357,3.731,1.665,1.328,1.515,0.761,2.127,1.762,2.59,366.5,503.98,139.19,177.82,-0.56,125.13
0.258,3.601,1.6,1.366,1.825,0.837,2.313,1.751,2.284,371.8,506.39,139.69,177.83,-0.56,125.13
0.131,3.414,1.541,1.377,2.177,0.86,2.506,1.59,2.04,376.99,509.46,140.22,177.83,-0.56,125.13
0.037,3.217,1.461,1.435,2.469,0.902,2.672,1.29,1.798,381.64,512.93,140.72,177.82,-0.56,125.13
0.061,2.979,1.383,1.476,2.743,0.897,2.85,0.902,1.602,385.78,516.75,141.22,177.82,-0.56,125.13
0.171,2.722,1.316,1.518,2.94,0.897,3.115,0.323,1.43,389.56,521.06,141.74,177.82,-0.56,125.12
0.265,2.443,1.275,1.545,3.052,0.898,3.39,0.334,1.268,392.83,525.71,142.22,177.83,-0.56,125.13
0.373,2.174,1.211,1.547,3.084,0.835,3.647,1.001,1.129,395.58,530.68,142.74,177.82,-0.56,125.13
0.48,1.903,1.146,1.544,3.013,0.794,3.905,1.695,1.02,397.8,535.86,143.24,177.82,-0.56,125.12
0.615,1.683,1.096,1.536,2.866,0.763,4.167,2.463,0.918,399.4,541.11,143.73,177.82,-0.56,125.13
0.702,1.479,1.069,1.505,2.633,0.707,4.433,3.133,0.804,400.51,546.7,144.25,177.82,-0.56,125.12
0.823,1.319,1.018,1.47,2.395,0.652,4.693,3.736,0.711,400.98,552.21,144.73,177.83,-0.56,125.12
0.918,1.182,0.974,1.404,2.151,0.612,4.918,4.227,0.604,400.89,557.55,145.24,177.83,-0.56,125.12
0.99,1.094,0.954,1.306,1.867,0.562,5.107,4.563,0.475,400.21,562.88,145.71,177.83,-0.56,125.12
1.001,1.074,0.915,1.166,1.621,0.507,5.423,4.741,0.447,399.06,567.95,146.2,177.82,-0.56,125.13
1.023,1.032,0.87,0.991,1.408,0.456,5.545,4.859,0.317,397.73,571.91,146.54,177.82,-0.57,125.13
1.071,1.007,0.835,0.762,1.187,0.412,5.633,4.865,0.196,395.65,576.84,147.04,177.82,-0.55,125.13
1.044,1.02,0.812,0.51,1.025,0.327,5.695,4.837,0.071,392.93,581.61,147.56,177.83,-0.56,125.13
1.019,1.014,0.758,0.239,0.879,0.283,5.707,4.741,0.124,390.15,585.7,148.03,177.82,-0.56,125.13
0.917,1.07,0.721,0.081,0.747,0.235,5.779,4.564,0.205,386.61,589.74,148.52,177.83,-0.56,125.12
0.806,1.089,0.712,0.407,0.669,0.201,5.681,4.377,0.365,382.77,593.39,149.02,177.82,-0.56,125.14
0.576,1.159,0.632,0.716,0.619,0.135,5.573,4.202,0.54,378.52,596.59,149.52,177.83,-0.56,125.13
0.348,1.2,0.596,1.03,0.57,0.081,5.399,4.025,0.67,373.93,599.27,150.01,177.84,-0.56,125.13
0.105,1.253,0.554,1.281,0.526,0.053,5.167,3.839,0.83,369.23,601.51,150.5,177.82,-0.56,125.13
0.183,1.293,0.476,1.52,0.507,0.011,4.919,3.678,0.993,364.1,603.29,151.03,177.81,-0.56,125.13
0.498,1.348,0.439,1.702,0.488,0.048,4.662,3.509,1.143,359.23,604.38,151.51,177.82,-0.56,125.13
0.847,1.384,0.373,1.803,0.464,0.083,4.423,3.376,1.301,354.06,605.04,152,177.82,-0.57,125.13
1.129,1.45,0.328,1.836,0.438,0.123,4.198,3.234,1.474,348.95,605.09,152.52,177.82,-0.56,125.13
1.461,1.511,0.255,1.807,0.429,0.153,3.965,3.078,1.589,342.48,604.47,153.15,177.81,-0.57,125.13
1.73,1.563,0.208,1.719,0.405,0.187,3.769,2.949,1.731,337.19,603.16,153.67,177.83,-0.55,125.13
1.966,1.601,0.177,1.597,0.385,0.234,3.574,2.858,1.891,332.3,601.48,154.19,177.82,-0.56,125.12
2.18,1.638,0.098,1.4,0.355,0.266,3.441,2.731,1.998,327.75,599.31,154.69,177.81,-0.56,125.13
2.336,1.68,0.069,1.211,0.317,0.317,3.258,2.648,2.097,323.47,596.68,155.17,177.82,-0.56,125.13
2.451,1.728,0.033,1.015,0.335,0.344,3.091,2.544,2.218,319.5,593.61,155.68,177.82,-0.56,125.13
2.528,1.772,0.026,0.783,0.316,0.417,2.981,2.439,2.27,315.84,590.13,156.18,177.82,-0.56,125.13
2.568,1.81,0.039,0.58,0.302,0.469,2.868,2.365,2.306,312.65,586.34,156.7,177.82,-0.56,125.13
2.543,1.845,0.099,0.386,0.286,0.503,2.756,2.219,2.317,309.9,582.3,157.18,177.82,-0.56,125.13
2.496,1.886,0.112,0.199,0.251,0.575,2.671,2.155,2.273,307.65,578.08,157.71,177.82,-0.56,125.13
2.451,1.908,0.131,0.033,0.282,0.65,2.58,2.073,2.198,305.84,573.61,158.18,177.82,-0.56,125.13
2.387,1.945,0.153,0.11,0.272,0.704,2.457,1.95,2.06,304.53,568.96,158.7,177.81,-0.56,125.13
2.245,1.958,0.1,0.253,0.273,0.793,2.346,1.83,1.909,303.72,564.35,159.19,177.81,-0.56,125.14
2.148,1.984,0.129,0.351,0.269,0.859,2.272,1.713,1.718,303.38,559.7,159.7,177.82,-0.56,125.13
2.021,2.012,0.063,0.424,0.271,0.897,2.17,1.605,1.469,303.51,554.94,160.19,177.83,-0.56,125.14
1.938,2.031,0.037,0.52,0.271,0.931,2.084,1.472,1.217,304.18,550.32,160.72,177.81,-0.57,125.13
1.823,2.052,0.016,0.591,0.269,0.969,2.044,1.376,0.931,305.24,546.15,161.2,177.82,-0.56,125.14
1.716,2.087,0.071,0.625,0.271,0.966,1.966,1.255,0.604,306.26,543.24,161.55,177.81,-0.56,125.13
1.621,2.109,0.113,0.679,0.286,0.92,1.926,1.106,0.31,308.07,538.95,162.04,177.82,-0.56,125.13
1.506,2.15,0.2,0.71,0.301,0.899,1.874,0.985,0.037,310.45,534.76,162.54,177.82,-0.56,125.13
1.408,2.166,0.274,0.724,0.31,0.832,1.82,0.859,0.302,313.01,531.18,163,177.82,-0.56,125.12
1.328,2.183,0.341,0.756,0.312,0.756,1.805,0.712,0.55,316.06,527.74,163.54,177.81,-0.56,125.13
1.25,2.198,0.422,0.776,0.323,0.682,1.783,0.583,0.734,319.39,524.7,164.01,177.82,-0.57,125.13
1.157,2.22,0.491,0.781,0.346,0.567,1.781,0.451,0.918,323.05,521.98,164.54,177.82,-0.55,125.14
1.061,2.218,0.556,0.785,0.36,0.452,1.799,0.35,1.079,326.75,519.87,165.05,177.82,-0.56,125.12
0.997,2.24,0.587,0.798,0.396,0.348,1.805,0.229,1.186,330.82,518.03,165.57,177.83,-0.56,125.13
0.944,2.247,0.654,0.796,0.445,0.248,1.838,0.182,1.253,335.06,516.6,166.03,177.82,-0.55,125.14
0.866,2.249,0.674,0.828,0.479,0.162,1.878,0.119,1.29,339.31,515.69,166.56,177.82,-0.56,125.12
0.784,2.221,0.727,0.802,0.542,0.087,1.909,0.127,1.297,343.94,515.17,167.06,177.82,-0.56,125.14
0.735,2.192,0.734,0.81,0.603,0.006,1.979,0.151,1.296,348.06,515.16,167.55,177.82,-0.56,125.12
0.678,2.173,0.736,0.801,0.692,0.066,2.03,0.21,1.246,352.41,515.61,168.06,177.81,-0.56,125.13
0.619,2.122,0.762,0.848,0.771,0.125,2.098,0.202,1.198,358.07,516.88,168.77,177.83,-0.56,125.12
0.553,2.038,0.767,0.838,0.829,0.17,2.181,0.154,1.147,362.22,518.39,169.26,177.83,-0.56,125.14
0.472,1.96,0.755,0.825,0.902,0.214,2.228,0.141,1.073,366.04,520.3,169.77,177.82,-0.56,125.13
0.428,1.898,0.736,0.822,0.961,0.245,2.325,0.11,1.016,369.74,522.64,170.27,177.82,-0.56,125.13
0.382,1.821,0.725,0.838,1.003,0.281,2.396,0.136,0.946,373.01,525.27,170.8,177.82,-0.56,125.13
0.352,1.739,0.714,0.829,1.078,0.289,2.537,0.219,0.86,375.98,528.18,171.29,177.82,-0.56,125.13
0.284,1.649,0.698,0.804,1.095,0.289,2.57,0.373,0.795,378.6,531.38,171.79,177.83,-0.56,125.13
0.251,1.569,0.687,0.797,1.11,0.293,2.68,0.543,0.704,380.88,534.93,172.31,177.83,-0.56,125.13
0.206,1.491,0.673,0.782,1.11,0.284,2.772,0.741,0.653,382.73,538.58,172.83,177.83,-0.56,125.13
0.163,1.406,0.64,0.748,1.098,0.271,2.844,0.972,0.559,384.16,542.37,173.34,177.83,-0.56,125.12
0.139,1.345,0.62,0.718,1.054,0.262,2.859,1.138,0.484,385.18,546.18,173.81,177.83,-0.56,125.13
0.138,1.279,0.591,0.685,1.036,0.273,2.945,1.31,0.425,385.8,550.04,174.29,177.82,-0.56,125.12
0.126,1.239,0.571,0.651,0.986,0.249,2.989,1.521,0.375,386.01,554.02,174.78,177.82,-0.56,125.12
0.124,1.217,0.532,0.559,0.936,0.237,3.016,1.659,0.298,385.78,557.83,175.29,177.83,-0.56,125.12
0.115,1.175,0.508,0.501,0.907,0.203,3.014,1.812,0.196,385.18,561.61,175.78,177.83,-0.56,125.12
0.128,1.163,0.488,0.422,0.849,0.182,3.047,1.89,0.134,384.69,563.58,176.01,177.82,-0.56,125.13
0.151,1.162,0.455,0.352,0.804,0.148,3.048,2.011,0.082,383.46,567.26,176.51,177.83,-0.56,125.13
0.167,1.146,0.449,0.272,0.752,0.145,3.008,2.076,0.082,381.95,570.82,177.06,177.82,-0.56,125.12
0.205,1.115,0.431,0.181,0.697,0.102,2.977,2.156,0.13,379.99,574.12,177.54,177.83,-0.56,125.13
0.285,1.155,0.399,0.102,0.656,0.09,2.886,2.17,0.193,377.8,577.2,178.05,177.82,-0.56,125.13
0.318,1.151,0.378,0.017,0.605,0.07,2.839,2.171,0.264,375.24,580.02,178.53,177.82,-0.56,125.13
0.392,1.179,0.344,0.062,0.586,0.043,2.745,2.212,0.334,372.47,582.52,179.09,177.82,-0.55,125.13
0.454,1.171,0.312,0.142,0.535,0.029,2.67,2.199,0.417,369.21,584.76,179.55,177.83,-0.56,125.13
0.564,1.21,0.284,0.212,0.507,0.009,2.568,2.181,0.497,366.12,586.42,180.01,177.84,-0.55,125.14
0.745,1.401,0.159,0.093,0.406,0.017,2.358,2.175,0.587,362.78,587.97,180.49,177.82,-0.56,125.13
0.195,0.579,0.513,0.231,0.362,0.007,2.022,2.081,0.79,359.33,589.08,181.04,177.82,-0.56,125.14
0.124,0.575,0.49,0.278,0.331,0.017,1.96,2.052,0.826,355.77,589.8,181.52,177.82,-0.56,125.12
0.032,0.614,0.484,0.283,0.281,0.049,1.902,1.973,0.867,352.39,590.11,182.03,177.82,-0.55,125.14
0.065,0.622,0.441,0.293,0.298,0.064,1.843,1.906,0.915,348.97,590.17,182.48,177.81,-0.56,125.13
0.175,0.661,0.407,0.294,0.293,0.088,1.774,1.817,0.937,345.45,589.77,183,177.82,-0.55,125.14
0.25,0.669,0.404,0.282,0.277,0.106,1.706,1.74,0.98,340.23,588.47,183.75,177.82,-0.57,125.12
0.3,0.688,0.366,0.276,0.282,0.153,1.664,1.683,0.984,336.84,587.1,184.26,177.82,-0.56,125.13
0.302,0.667,0.369,0.238,0.266,0.15,1.627,1.592,1.004,333.8,585.55,184.78,177.81,-0.57,125.12
0.362,0.682,0.344,0.189,0.262,0.172,1.602,1.511,1.013,330.89,583.58,185.26,177.83,-0.56,125.12
0.351,0.685,0.354,0.166,0.263,0.216,1.577,1.463,0.985,328.31,581.44,185.77,177.81,-0.57,125.12
0.35,0.686,0.339,0.139,0.278,0.226,1.476,1.429,1.002,325.86,578.87,186.27,177.83,-0.56,125.12
0.371,0.677,0.327,0.081,0.275,0.261,1.447,1.34,0.979,323.89,576.35,186.78,177.81,-0.57,125.13
0.353,0.693,0.33,0.027,0.28,0.277,1.438,1.258,0.917,322.12,573.51,187.29,177.82,-0.56,125.13
0.354,0.703,0.33,0.022,0.263,0.289,1.416,1.176,0.903,320.72,570.51,187.8,177.82,-0.56,125.13
0.39,0.74,0.303,0.064,0.287,0.323,1.438,1.128,0.821,319.64,567.46,188.3,177.81,-0.57,125.13
0.378,0.771,0.305,0.088,0.274,0.32,1.446,1.059,0.777,318.85,564.25,188.79,177.83,-0.56,125.13
0.348,0.737,0.318,0.134,0.308,0.366,1.378,0.959,0.705,318.47,561.25,189.29,177.81,-0.57,125.14
0.292,0.733,0.33,0.165,0.289,0.353,1.379,0.893,0.584,318.35,558.13,189.76,177.83,-0.56,125.13
0.297,0.77,0.342,0.17,0.305,0.37,1.335,0.847,0.545,318.48,556.92,190.02,177.82,-0.56,125.12
0.265,0.773,0.345,0.219,0.309,0.358,1.325,0.76,0.451,318.83,553.78,190.51,177.82,-0.56,125.12
0.253,0.785,0.357,0.248,0.299,0.347,1.317,0.738,0.362,319.53,550.76,191.03,177.81,-0.56,125.12
0.246,0.842,0.361,0.289,0.275,0.314,1.286,0.693,0.272,320.57,547.64,191.51,177.82,-0.56,125.12
0.212,0.849,0.364,0.311,0.277,0.306,1.267,0.636,0.209,321.78,544.95,191.99,177.83,-0.56,125.12
0.192,0.849,0.395,0.342,0.293,0.283,1.243,0.58,0.134,323.36,542.38,192.51,177.81,-0.56,125.12
0.162,0.85,0.386,0.353,0.298,0.263,1.247,0.524,0.088,325.17,539.94,192.98,177.82,-0.56,125.12
0.13,0.864,0.407,0.357,0.316,0.249,1.231,0.472,0.093,327.2,537.77,193.51,177.81,-0.56,125.12
0.089,0.868,0.434,0.356,0.301,0.192,1.221,0.402,0.123,329.28,535.8,193.95,177.84,-0.55,125.12
0.047,0.844,0.445,0.366,0.328,0.197,1.229,0.401,0.152,331.73,534.18,194.52,177.83,-0.56,125.11
0.02,0.821,0.466,0.401,0.338,0.164,1.234,0.355,0.207,334.43,532.72,195.07,177.82,-0.56,125.13
0.049,0.813,0.508,0.397,0.343,0.135,1.231,0.334,0.232,337.08,531.6,195.54,177.82,-0.56,125.12
0.086,0.804,0.509,0.399,0.347,0.108,1.234,0.302,0.258,339.68,530.8,196,177.82,-0.56,125.12
0.089,0.787,0.526,0.441,0.341,0.079,1.241,0.313,0.303,342.47,530.25,196.49,177.82,-0.56,125.12
0.1,0.764,0.539,0.427,0.354,0.045,1.243,0.296,0.274,345.26,530,197.01,177.82,-0.56,125.12
0.133,0.742,0.534,0.431,0.369,0.024,1.241,0.278,0.274,348.05,530.08,197.5,177.82,-0.56,125.12
0.154,0.71,0.527,0.428,0.388,0.009,1.226,0.291,0.293,350.79,530.43,198,177.82,-0.56,125.12
0.17,0.698,0.543,0.43,0.398,0.037,1.261,0.321,0.287,353.45,531.05,198.5,177.82,-0.56,125.12
0.208,0.687,0.552,0.418,0.402,0.034,1.277,0.329,0.261,356,531.96,199.01,177.82,-0.56,125.12
0.234,0.649,0.547,0.427,0.405,0.041,1.285,0.34,0.248,359.84,533.98,199.86,177.83,-0.55,125.13
0.255,0.622,0.552,0.425,0.422,0.07,1.314,0.39,0.22,360.67,534.51,200,177.82,-0.56,125.13
0.294,0.591,0.574,0.406,0.421,0.072,1.326,0.45,0.172,362.76,536.13,200.52,177.82,-0.56,125.12
0.329,0.56,0.579,0.414,0.411,0.075,1.323,0.456,0.181,364.53,537.84,200.97,177.82,-0.56,125.13
0.332,0.537,0.557,0.389,0.422,0.07,1.323,0.537,0.146,366.17,539.81,201.5,177.82,-0.56,125.13
0.343,0.505,0.55,0.362,0.441,0.079,1.373,0.581,0.14,367.59,541.96,201.98,177.82,-0.56,125.13
0.365,0.481,0.564,0.35,0.429,0.079,1.347,0.633,0.086,368.76,544.19,202.5,177.82,-0.56,125.13
0.368,0.467,0.561,0.322,0.421,0.08,1.318,0.674,0.049,369.69,546.51,203.01,177.82,-0.56,125.14
0.401,0.454,0.544,0.318,0.425,0.081,1.347,0.763,0.051,370.37,548.89,203.48,177.82,-0.56,125.13
0.387,0.415,0.544,0.291,0.392,0.07,1.36,0.78,0.076,370.8,551.2,204,177.82,-0.56,125.14
0.378,0.415,0.544,0.283,0.411,0.05,1.334,0.831,0.062,370.98,553.62,204.47,177.82,-0.56,125.14
0.398,0.408,0.515,0.247,0.386,0.057,1.333,0.877,0.089,370.87,556.12,205.03,177.82,-0.56,125.14
0.402,0.386,0.514,0.23,0.37,0.037,1.333,0.926,0.126,370.59,558.27,205.46,177.82,-0.56,125.14
0.368,0.38,0.494,0.199,0.354,0.054,1.327,0.957,0.157,370.01,560.54,206,177.82,-0.56,125.14
0.376,0.352,0.496,0.167,0.339,0.034,1.306,0.989,0.138,369.25,562.75,206.49,177.81,-0.56,125.14
0.339,0.38,0.486,0.165,0.33,0.04,1.26,1.003,0.213,368.18,564.86,207.02,177.82,-0.56,125.14
0.339,0.383,0.474,0.134,0.322,0.036,1.265,1.035,0.231,366.95,566.78,207.53,177.82,-0.56,125.14
0.327,0.349,0.454,0.108,0.307,0.017,1.229,1.065,0.253,365.58,568.55,208.04,177.82,-0.56,125.14
0.294,0.372,0.448,0.099,0.308,0.017,1.176,1.065,0.277,364.09,570.08,208.54,177.81,-0.56,125.14
0.258,0.381,0.407,0.076,0.294,0.013,1.179,1.058,0.304,362.42,571.44,209.07,177.82,-0.56,125.14
0.224,0.394,0.414,0.055,0.283,0.02,1.124,1.091,0.313,360.57,572.61,209.52,177.82,-0.56,125.14
0.214,0.384,0.402,0.039,0.266,0.015,1.109,1.08,0.33,358.67,573.56,210.02,177.83,-0.56,125.15
0.189,0.391,0.371,0.03,0.284,0.015,1.076,1.065,0.369,356.77,574.38,210.54,177.81,-0.56,125.14
0.163,0.392,0.372,0.026,0.264,0.059,1.027,1.062,0.361,354.75,574.9,211.02,177.81,-0.56,125.14
0.135,0.432,0.355,0.036,0.235,0.046,1.065,1.058,0.378,352.62,575.26,211.57,177.81,-0.56,125.14
0.14,0.42,0.366,0.02,0.237,0.052,1.001,1.03,0.393,350.68,575.32,212.03,177.81,-0.56,125.14
0.09,0.426,0.348,0.032,0.227,0.057,0.991,1.023,0.392,348.7,575.19,212.52,177.81,-0.56,125.13
0.05,0.461,0.318,0.023,0.227,0.074,0.975,0.964,0.44,346.8,574.9,213.04,177.81,-0.56,125.14
0.028,0.466,0.303,0.014,0.206,0.068,0.973,0.933,0.409,345,574.35,213.49,177.82,-0.56,125.13
0.022,0.446,0.305,0.038,0.203,0.081,0.949,0.928,0.41,343.18,573.7,214.02,177.81,-0.56,125.14
0.004,0.471,0.288,0.03,0.205,0.082,0.944,0.9,0.403,341.54,572.78,214.52,177.81,-0.56,125.12
0.026,0.497,0.276,0.05,0.202,0.095,0.916,0.872,0.408,339.93,571.77,215.01,177.81,-0.56,125.14
0.029,0.5,0.262,0.068,0.203,0.097,0.9,0.827,0.408,338.51,570.52,215.55,177.82,-0.56,125.13
0.067,0.512,0.254,0.069,0.192,0.109,0.916,0.798,0.385,337.25,569.27,216.03,177.82,-0.56,125.13
0.054,0.51,0.238,0.066,0.194,0.115,0.905,0.764,0.334,336.22,567.85,216.53,177.81,-0.56,125.13
0.057,0.521,0.256,0.085,0.207,0.107,0.892,0.738,0.34,335.24,566.34,217.02,177.82,-0.56,125.13
0.078,0.552,0.221,0.089,0.176,0.108,0.869,0.697,0.296,334.5,564.76,217.54,177.82,-0.56,125.13
0.048,0.534,0.245,0.106,0.176,0.11,0.867,0.652,0.301,333.92,563.12,218.02,177.82,-0.56,125.13
0.069,0.533,0.24,0.113,0.171,0.091,0.864,0.634,0.29,333.55,561.49,218.52,177.81,-0.56,125.13
0.043,0.527,0.226,0.137,0.171,0.11,0.862,0.601,0.244,333.33,559.87,219.01,177.81,-0.56,125.13
0.067,0.533,0.236,0.139,0.169,0.115,0.844,0.56,0.208,333.3,558.18,219.5,177.82,-0.56,125.13
0.059,0.51,0.24,0.158,0.165,0.111,0.848,0.539,0.213,333.44,556.57,220.02,177.82,-0.56,125.13
0.035,0.523,0.239,0.149,0.177,0.109,0.868,0.535,0.188,333.72,555.04,220.49,177.82,-0.56,125.13
0.054,0.524,0.233,0.177,0.173,0.113,0.841,0.489,0.127,334.19,553.55,220.99,177.82,-0.56,125.13
0.013,0.514,0.236,0.179,0.172,0.095,0.835,0.483,0.141,334.79,552.15,221.5,177.82,-0.56,125.13
0.018,0.52,0.255,0.192,0.17,0.085,0.842,0.414,0.126,335.53,550.83,221.99,177.82,-0.56,125.13
0.015,0.513,0.233,0.2,0.176,0.074,0.835,0.409,0.086,336.39,549.61,222.49,177.83,-0.56,125.13
0.014,0.505,0.244,0.199,0.161,0.088,0.848,0.4,0.11,337.37,548.54,223.01,177.83,-0.56,125.13
0.023,0.495,0.274,0.203,0.165,0.065,0.814,0.374,0.06,338.42,547.59,223.5,177.83,-0.56,125.13
0.067,0.464,0.29,0.213,0.173,0.063,0.837,0.38,0.086,339.55,546.78,224.02,177.83,-0.56,125.13
0.059,0.47,0.263,0.219,0.165,0.069,0.794,0.338,0.066,340.81,546.13,224.54,177.82,-0.56,125.12
0.055,0.455,0.28,0.22,0.166,0.052,0.792,0.349,0.062,342.02,545.61,225.05,177.82,-0.56,125.13
0.096,0.444,0.298,0.221,0.165,0.055,0.798,0.355,0.034,343.34,545.22,225.55,177.82,-0.56,125.12
0.097,0.447,0.266,0.209,0.177,0.042,0.797,0.328,0.042,344.54,544.99,226.03,177.82,-0.56,125.13
0.093,0.452,0.314,0.223,0.182,0.025,0.789,0.321,0.075,345.81,544.89,226.52,177.82,-0.56,125.13
0.1,0.421,0.285,0.211,0.178,0.035,0.799,0.321,0.045,347.06,544.93,227.02,177.82,-0.56,125.13
0.156,0.397,0.303,0.218,0.167,0.036,0.778,0.343,0.057,348.29,545.1,227.51,177.82,-0.56,125.13
0.134,0.392,0.318,0.236,0.175,0.032,0.773,0.352,0.059,349.44,545.36,228.02,177.83,-0.56,125.13
0.157,0.385,0.286,0.202,0.176,0.016,0.764,0.342,0.046,350.53,545.79,228.52,177.82,-0.56,125.13
0.176,0.358,0.309,0.191,0.171,0.009,0.779,0.336,0.072,351.57,546.31,229.02,177.82,-0.56,125.13
0.15,0.366,0.298,0.207,0.17,0.021,0.76,0.356,0.045,352.49,546.93,229.51,177.82,-0.56,125.13
0.157,0.387,0.306,0.2,0.188,0.01,0.77,0.377,0.061,353.34,547.62,230.03,177.83,-0.56,125.13
0.168,0.353,0.3,0.214,0.171,0.012,0.733,0.359,0.055,354.08,548.39,230.53,177.82,-0.56,125.13
0.169,0.346,0.301,0.204,0.165,0.004,0.718,0.372,0.089,354.72,549.22,231.02,177.82,-0.56,125.13
0.183,0.344,0.3,0.184,0.173,0.013,0.715,0.36,0.093,355.24,550.09,231.52,177.82,-0.56,125.13
0.167,0.327,0.29,0.182,0.171,0.015,0.721,0.436,0.106,355.67,551,232.03,177.82,-0.56,125.13
0.161,0.315,0.3,0.196,0.179,0.016,0.704,0.409,0.078,355.99,551.91,232.53,177.82,-0.56,125.13
0.185,0.293,0.307,0.195,0.18,0.012,0.696,0.44,0.066,356.18,552.84,233.04,177.82,-0.56,125.13
0.174,0.339,0.29,0.194,0.164,0.005,0.682,0.453,0.095,356.28,553.74,233.54,177.82,-0.56,125.13
0.179,0.293,0.308,0.166,0.17,0.023,0.657,0.443,0.115,356.27,554.64,234.05,177.82,-0.56,125.13
0.164,0.301,0.284,0.159,0.159,0.015,0.687,0.437,0.109,356.16,555.5,234.55,177.82,-0.56,125.13
0.167,0.308,0.275,0.164,0.163,0.01,0.688,0.455,0.134,355.96,556.33,235.06,177.82,-0.56,125.13
0.159,0.282,0.294,0.156,0.154,0.004,0.627,0.416,0.121,355.68,557.08,235.56,177.82,-0.56,125.13
0.149,0.285,0.258,0.153,0.139,0.007,0.631,0.509,0.151,355.32,557.8,236.07,177.82,-0.56,125.13
0.163,0.283,0.281,0.146,0.168,0.019,0.594,0.473,0.149,354.89,558.41,236.54,177.82,-0.56,125.13
0.18,0.271,0.268,0.133,0.146,0.012,0.627,0.472,0.166,354.42,558.97,237.04,177.82,-0.56,125.13
0.159,0.268,0.278,0.14,0.142,0.027,0.581,0.483,0.153,353.89,559.46,237.54,177.82,-0.56,125.13
0.151,0.262,0.266,0.152,0.143,0.026,0.59,0.501,0.124,353.33,559.87,238.05,177.82,-0.56,125.13
0.173,0.259,0.261,0.151,0.133,0.03,0.587,0.473,0.127,352.75,560.2,238.55,177.82,-0.56,125.13
0.139,0.28,0.25,0.131,0.133,0.03,0.586,0.478,0.145,352.16,560.45,239.05,177.82,-0.56,125.13
0.136,0.287,0.242,0.131,0.127,0.016,0.584,0.444,0.16,351.56,560.61,239.55,177.82,-0.56,125.13
0.13,0.272,0.24,0.143,0.138,0.018,0.559,0.459,0.134,350.97,560.7,240.05,177.82,-0.56,125.13
0.126,0.277,0.233,0.151,0.137,0.019,0.522,0.469,0.153,350.4,560.72,240.55,177.82,-0.56,125.13
0.123,0.278,0.24,0.138,0.13,0.028,0.562,0.447,0.14,349.86,560.66,241.06,177.82,-0.56,125.13
0.12,0.278,0.228,0.128,0.13,0.036,0.543,0.435,0.168,349.35,560.54,241.56,177.82,-0.56,125.13
0.141,0.264,0.231,0.127,0.141,0.026,0.525,0.423,0.148,348.88,560.37,242.06,177.82,-0.56,125.13
0.125,0.274,0.224,0.143,0.128,0.036,0.533,0.434,0.139,348.45,560.14,242.56,177.82,-0.56,125.13
0.124,0.263,0.227,0.147,0.12,0.029,0.505,0.402,0.142,348.08,559.87,243.06,177.82,-0.56,125.13
0.1,0.271,0.233,0.139,0.11,0.014,0.537,0.421,0.132,347.77,559.57,243.56,177.82,-0.56,125.13
0.116,0.27,0.235,0.149,0.118,0.025,0.511,0.409,0.128,347.52,559.24,244.06,177.82,-0.56,125.13
0.13,0.269,0.232,0.144,0.126,0.02,0.489,0.393,0.144,347.32,558.9,244.57,177.82,-0.56,125.13
0.12,0.285,0.213,0.132,0.112,0.026,0.481,0.372,0.153,347.19,558.55,245.07,177.82,-0.56,125.13
0.107,0.263,0.238,0.14,0.123,0.027,0.468,0.402,0.104,347.11,558.21,245.57,177.82,-0.56,125.13
0.098,0.264,0.218,0.171,0.088,0.013,0.484,0.353,0.115,347.1,557.87,246.07,177.82,-0.56,125.13
0.085,0.274,0.207,0.144,0.112,0.014,0.462,0.359,0.135,347.13,557.56,246.57,177.82,-0.56,125.13
0.12,0.268,0.212,0.166,0.123,0.009,0.479,0.37,0.122,347.22,557.26,247.07,177.82,-0.56,125.13
0.109,0.266,0.211,0.167,0.111,0.02,0.461,0.353,0.128,347.35,557,247.58,177.82,-0.56,125.13
0.131,0.254,0.224,0.134,0.098,0.024,0.467,0.364,0.106,347.52,556.79,248.08,177.82,-0.56,125.13
0.122,0.276,0.216,0.159,0.103,0.02,0.467,0.334,0.119,347.72,556.61,248.58,177.82,-0.56,125.13
0.128,0.228,0.209,0.149,0.095,0.009,0.474,0.343,0.111,347.94,556.48,249.08,177.82,-0.56,125.13
0.121,0.242,0.229,0.158,0.101,0.026,0.445,0.313,0.128,348.18,556.4,249.58,177.82,-0.56,125.13
0.873,1.144,0.318,0.191,0.298,0.632,1.992,1.339,1.327,274.67,556.66,102.24,177.83,-0.55,125.13
2.916,2.012,1.493,2.257,0.759,7.085,1.886,3.269,14.208,274.03,549.07,100.52,177.82,-0.56,125.13
2.338,2.021,1.27,2.347,0.945,8.865,1.612,2.854,11.223,275.45,541.36,101.05,177.82,-0.56,125.14
1.982,2.085,0.908,2.36,1.043,10.136,1.222,2.308,7.507,277.56,534.33,101.53,177.82,-0.56,125.13
1.517,1.995,0.248,2.366,1.085,10.689,0.863,1.735,3.618,279.9,528.5,101.91,177.83,-0.56,125.13
1.389,2.203,0.374,2.281,1.024,10.619,0.591,1.106,0.378,283.43,521.58,102.41,177.82,-0.56,125.12
1.136,2.277,1.234,2.151,0.901,9.984,0.355,0.601,3.938,287.66,515.13,102.93,177.81,-0.57,125.13
1.002,2.436,2.013,2.082,0.701,8.993,0.207,0.232,7.035,292.51,509.07,103.41,177.82,-0.56,125.13
0.84,2.623,2.849,1.948,0.495,7.734,0.216,0.509,9.606,298.12,503.54,103.95,177.82,-0.56,125.13
0.673,2.811,3.607,1.824,0.23,6.251,0.335,0.931,11.401,304.1,498.73,104.45,177.82,-0.56,125.13
0.59,3.183,4.174,1.668,0.115,4.63,0.305,1.363,12.449,310.57,494.64,104.97,177.81,-0.56,125.13
0.427,3.591,4.541,1.526,0.411,2.956,0.274,1.801,12.751,317.18,491.29,105.46,177.82,-0.56,125.12
0.33,4.136,4.668,1.388,0.67,1.387,0.229,2.247,12.412,324.29,488.57,105.95,177.82,-0.56,125.13
0.143,4.673,4.635,1.3,0.89,0.023,0.229,2.779,11.504,331.61,486.67,106.46,177.82,-0.56,125.12
0.011,5.308,4.43,1.226,0.961,1.034,0.298,3.341,10.299,338.84,485.52,106.93,177.83,-0.56,125.13
0.223,5.97,4.189,1.2,0.87,1.729,0.457,4.098,9.049,346.35,485.16,107.46,177.83,-0.56,125.12
0.407,6.601,3.901,1.191,0.471,2.138,0.664,5.013,7.722,354.03,485.59,107.95,177.83,-0.56,125.12
0.622,7.149,3.671,1.242,0.286,2.306,0.863,6.011,6.477,362.55,487.08,108.55,177.82,-0.56,125.13
0.773,7.492,3.378,1.299,1.417,2.349,1.102,6.962,5.362,370.02,489.28,109.06,177.82,-0.56,125.13
