2.46,2.06,3.897,0.291,1.775,1.508,8.25,6.476,1.154,273.46,556.36,100.08,177.82,-0.56,125.15
2.982,1.911,1.912,2.166,0.794,6.763,1.865,3.054,14.361,274.04,548.94,100.54,177.82,-0.56,125.13
2.441,1.923,1.741,2.257,0.994,8.62,1.557,2.621,11.546,275.44,541.5,101.04,177.82,-0.56,125.13
2.058,1.99,1.399,2.281,1.119,10.015,1.209,2.099,7.962,277.55,534.32,101.53,177.82,-0.56,125.13
1.743,2.042,0.894,2.273,1.179,10.768,0.864,1.551,4.145,279.9,528.5,101.91,177.83,-0.56,125.13
1.415,2.038,0.152,2.242,1.125,10.828,0.513,0.987,0.228,283.52,521.41,102.42,177.82,-0.56,125.13
1.251,2.121,0.661,2.159,1.011,10.283,0.252,0.435,3.382,287.78,514.97,102.95,177.81,-0.57,125.13
1.132,2.245,1.508,2.096,0.816,9.344,0.181,0.189,6.529,292.51,509.07,103.42,177.82,-0.56,125.13
1.02,2.388,2.377,1.971,0.592,8.14,0.285,0.616,9.198,297.97,503.67,103.93,177.82,-0.56,125.13
0.925,2.601,3.173,1.864,0.377,6.741,0.396,1.112,11.121,303.93,498.85,104.44,177.82,-0.56,125.13
0.807,2.885,3.815,1.734,0.091,5.112,0.446,1.514,12.324,310.4,494.75,104.97,177.81,-0.56,125.13
0.708,3.247,4.295,1.613,0.275,3.429,0.405,1.963,12.736,317.19,491.3,105.46,177.82,-0.56,125.13
0.616,3.688,4.497,1.514,0.573,1.798,0.368,2.346,12.482,324.3,488.58,105.95,177.82,-0.56,125.12
0.476,4.226,4.504,1.425,0.855,0.313,0.26,2.807,11.695,331.61,486.67,106.46,177.82,-0.56,125.13
0.342,4.836,4.339,1.369,1.027,0.857,0.164,3.352,10.606,339.04,485.5,106.95,177.83,-0.56,125.12
0.209,5.493,4.104,1.386,1.012,1.7,0.224,4.08,9.29,346.35,485.16,107.46,177.83,-0.56,125.13
0.068,6.094,3.808,1.421,0.783,2.236,0.388,4.949,7.958,353.82,485.58,107.94,177.83,-0.56,125.12
0.044,6.68,3.444,1.509,0.209,2.516,0.611,5.904,6.689,362.55,487.08,108.56,177.82,-0.56,125.13
0.147,7.196,3.198,1.623,0.747,2.611,0.829,6.885,5.499,370.01,489.29,109.06,177.82,-0.56,125.13
0.35,7.361,2.981,1.739,2.034,2.613,1.073,7.727,4.527,376.97,492.22,109.59,177.82,-0.56,125.13
0.49,7.319,2.749,1.868,3.59,2.552,1.368,8.281,3.683,383.55,495.86,110.11,177.82,-0.56,125.13
0.648,6.968,2.533,2.057,5.227,2.477,1.682,8.204,2.977,389.58,500.09,110.62,177.82,-0.56,125.13
0.846,6.292,2.297,2.236,6.691,2.38,2.127,7.36,2.58,395.06,504.86,111.09,177.83,-0.56,125.13
0.979,5.528,2.13,2.413,7.968,2.277,2.563,5.922,2.134,400.07,510.25,111.63,177.82,-0.56,125.13
1.158,4.666,1.969,2.613,8.824,2.188,2.988,3.8,1.858,404.48,516.13,112.14,177.82,-0.56,125.13
1.303,3.756,1.809,2.767,9.271,2.049,3.499,1.221,1.666,408.15,522.35,112.61,177.83,-0.56,125.13
1.463,2.899,1.648,2.951,9.308,1.921,3.994,1.387,1.233,411.15,528.85,113.12,177.82,-0.56,125.12
1.733,2.077,1.558,3.113,8.88,1.785,4.586,4.447,1.16,413.41,535.54,113.63,177.83,-0.56,125.13
1.938,1.433,1.474,3.27,8.014,1.641,5.271,7.258,1.115,415.03,542.56,114.13,177.82,-0.56,125.13
2.273,0.862,1.398,3.43,6.806,1.484,5.961,9.684,1.138,415.82,549.47,114.6,177.83,-0.56,125.12
2.573,0.463,1.342,3.534,5.412,1.342,6.601,11.499,1.127,415.96,556.63,115.14,177.82,-0.56,125.12
3.075,0.068,1.304,3.629,4.077,1.198,7.607,12.954,1.406,415.29,563.56,115.6,177.82,-0.56,125.12
3.455,0.19,1.283,3.621,2.864,1.07,8.448,13.191,1.302,413.97,570.19,116.09,177.82,-0.56,125.13
3.867,0.234,1.26,3.479,1.913,0.954,9.281,12.809,1.173,412.38,575.48,116.46,177.82,-0.56,125.13
4.44,0.357,1.301,3.154,1.23,0.847,10.022,12.088,1.021,409.78,582.01,116.95,177.82,-0.56,125.14
4.767,0.284,1.315,2.607,0.794,0.725,10.73,11.043,0.832,406.51,588.19,117.46,177.82,-0.56,125.14
5.04,0.214,1.278,1.807,0.52,0.603,11.35,9.934,0.67,402.66,593.95,118.02,177.83,-0.56,125.13
5.303,0.139,1.27,0.774,0.371,0.488,11.825,8.822,0.464,398.22,599.3,118.49,177.82,-0.56,125.13
5.401,0.089,1.271,0.441,0.34,0.362,12.043,7.864,0.245,393.25,604.13,119,177.82,-0.56,125.13
5.311,0.022,1.223,1.825,0.337,0.207,12.019,6.969,0.09,388,608.25,119.48,177.82,-0.56,125.14
4.981,0.089,1.18,3.204,0.387,0.073,11.726,6.242,0.289,382.16,611.84,119.95,177.83,-0.55,125.13
4.452,0.189,1.128,4.421,0.442,0.062,11.25,5.62,0.594,376.04,614.89,120.46,177.82,-0.56,125.13
3.704,0.261,1.049,5.453,0.507,0.157,10.569,5.072,0.888,369.68,617.25,120.97,177.81,-0.56,125.14
2.715,0.442,0.97,6.24,0.562,0.244,9.843,4.643,1.201,363.08,618.91,121.51,177.82,-0.56,125.13
1.712,0.541,0.871,6.734,0.589,0.304,9.023,4.302,1.566,356.44,619.9,121.99,177.81,-0.56,125.13
0.653,0.67,0.77,6.909,0.605,0.324,8.266,4.012,1.932,349.67,620.11,122.51,177.82,-0.56,125.14
0.503,0.883,0.625,6.779,0.608,0.361,7.468,3.76,2.292,343.01,619.64,123.02,177.82,-0.56,125.13
1.424,0.999,0.503,6.358,0.556,0.375,6.821,3.547,2.683,334.95,618.12,123.6,177.82,-0.56,125.13
2.259,1.084,0.431,5.693,0.509,0.354,6.192,3.402,3.099,328.35,616,124.1,177.82,-0.56,125.13
2.914,1.178,0.361,4.842,0.463,0.328,5.646,3.253,3.532,322.42,613.4,124.59,177.82,-0.56,125.13
3.455,1.274,0.27,3.888,0.422,0.309,5.136,3.167,3.981,316.56,610.07,125.12,177.82,-0.56,125.13
3.853,1.423,0.198,2.961,0.355,0.323,4.698,3.095,4.418,311.26,606.23,125.62,177.81,-0.56,125.13
3.912,1.436,0.145,2.07,0.316,0.363,4.269,3.01,4.858,306.38,601.87,126.12,177.82,-0.56,125.13
3.769,1.429,0.112,1.256,0.257,0.427,3.972,2.952,5.294,302,597.01,126.61,177.82,-0.56,125.13
3.542,1.401,0.081,0.613,0.215,0.541,3.614,2.89,5.656,298.2,591.8,127.12,177.81,-0.56,125.13
3.214,1.434,0.048,0.088,0.218,0.721,3.281,2.805,5.959,294.95,586.21,127.63,177.81,-0.56,125.13
3.09,1.51,0.049,0.309,0.208,0.959,2.989,2.778,6.159,292.36,580.29,128.11,177.82,-0.56,125.13
2.754,1.524,0.079,0.618,0.22,1.213,2.72,2.739,6.19,290.4,574.2,128.62,177.82,-0.56,125.13
2.436,1.572,0.091,0.849,0.242,1.543,2.471,2.637,6.108,289.11,568.09,129.13,177.82,-0.56,125.13
2.058,1.515,0.05,1.03,0.271,1.882,2.264,2.531,5.792,288.47,561.77,129.63,177.81,-0.56,125.14
1.739,1.515,0.045,1.155,0.288,2.239,2.061,2.379,5.248,288.47,555.59,130.13,177.81,-0.56,125.14
1.475,1.529,0.079,1.257,0.31,2.555,1.864,2.229,4.518,289.14,549.45,130.62,177.81,-0.56,125.14
1.241,1.53,0.17,1.352,0.346,2.824,1.694,2.036,3.678,290.42,543.46,131.12,177.81,-0.56,125.13
1.017,1.567,0.349,1.411,0.368,2.984,1.527,1.823,2.636,291.81,539.09,131.48,177.83,-0.56,125.12
0.848,1.589,0.53,1.422,0.362,3.071,1.406,1.626,1.593,294.18,533.39,132,177.81,-0.57,125.12
0.686,1.655,0.754,1.46,0.334,3.031,1.299,1.384,0.535,297.12,527.91,132.47,177.81,-0.57,125.12
0.561,1.69,0.995,1.445,0.291,2.866,1.205,1.154,0.481,300.59,522.76,132.97,177.83,-0.56,125.13
0.446,1.777,1.231,1.466,0.273,2.637,1.119,0.929,1.371,304.58,518.11,133.51,177.82,-0.56,125.12
0.364,1.889,1.462,1.454,0.217,2.305,1.075,0.694,2.13,309,513.89,134.01,177.82,-0.56,125.13
0.297,2.007,1.673,1.434,0.175,1.912,1.042,0.444,2.738,313.66,510.26,134.47,177.83,-0.56,125.12
0.22,2.135,1.849,1.418,0.152,1.496,1.051,0.264,3.172,319.06,507.07,135.05,177.81,-0.56,125.13
0.136,2.252,1.976,1.432,0.117,1.062,1.072,0.216,3.428,324.67,504.39,135.57,177.82,-0.56,125.12
0.074,2.389,2.065,1.431,0.129,0.656,1.126,0.339,3.549,329.79,502.55,136.01,177.83,-0.56,125.12
0.039,2.502,2.134,1.422,0.168,0.274,1.2,0.544,3.559,335.59,501.17,136.49,177.82,-0.56,125.12
0.135,2.587,2.167,1.423,0.257,0.055,1.295,0.776,3.451,341.5,500.33,137.03,177.83,-0.56,125.12
0.204,2.675,2.135,1.449,0.396,0.313,1.377,0.993,3.284,347.42,500.15,137.48,177.83,-0.56,125.13
0.29,2.761,2.109,1.472,0.58,0.556,1.521,1.195,3.021,353.36,500.67,138.05,177.81,-0.57,125.13
0.38,2.77,2.047,1.514,0.805,0.725,1.629,1.352,2.781,360.65,502.06,138.66,177.82,-0.56,125.13
0.473,2.746,1.973,1.545,1.095,0.865,1.786,1.45,2.503,366.5,503.97,139.19,177.82,-0.56,125.13
0.556,2.665,1.869,1.58,1.403,0.944,1.973,1.439,2.247,371.81,506.39,139.7,177.83,-0.56,125.13
0.619,2.551,1.792,1.63,1.744,0.991,2.163,1.337,1.977,376.9,509.39,140.2,177.83,-0.56,125.13
0.724,2.396,1.722,1.672,2.035,1.038,2.35,1.111,1.759,381.64,512.93,140.72,177.82,-0.56,125.13
0.814,2.197,1.624,1.71,2.315,1.05,2.558,0.734,1.566,385.84,516.83,141.23,177.83,-0.56,125.13
0.922,1.946,1.563,1.761,2.544,1.022,2.823,0.281,1.37,389.57,521.05,141.74,177.82,-0.56,125.13
1.038,1.701,1.5,1.791,2.677,1.009,3.065,0.428,1.22,392.82,525.7,142.22,177.83,-0.56,125.13
1.136,1.477,1.426,1.814,2.738,0.949,3.314,1.081,1.069,395.58,530.68,142.74,177.82,-0.56,125.13
1.234,1.275,1.344,1.825,2.723,0.941,3.604,1.793,0.952,397.8,535.85,143.24,177.82,-0.56,125.12
1.329,1.073,1.293,1.841,2.627,0.894,3.855,2.525,0.845,399.4,541.11,143.73,177.82,-0.56,125.12
1.419,0.905,1.224,1.82,2.432,0.856,4.11,3.196,0.718,400.51,546.7,144.25,177.82,-0.56,125.13
1.512,0.78,1.183,1.753,2.229,0.791,4.339,3.883,0.593,400.96,552.22,144.72,177.83,-0.56,125.11
1.711,0.61,1.154,1.697,1.97,0.729,4.591,4.36,0.518,400.88,557.56,145.24,177.83,-0.56,125.12
1.783,0.496,1.1,1.581,1.74,0.695,4.874,4.68,0.439,400.21,562.88,145.71,177.83,-0.56,125.13
1.909,0.426,1.089,1.449,1.484,0.62,5.024,4.936,0.31,399.05,567.96,146.2,177.82,-0.56,125.13
1.992,0.371,1.057,1.263,1.279,0.554,5.233,5.043,0.211,397.75,571.9,146.54,177.81,-0.56,125.14
2.071,0.352,1.05,1.042,1.057,0.491,5.354,5.025,0.096,395.62,576.86,147.03,177.82,-0.56,125.13
2.079,0.366,1.01,0.787,0.903,0.45,5.414,4.962,0.078,392.86,581.76,147.57,177.83,-0.55,125.14
2.077,0.383,0.984,0.511,0.796,0.378,5.426,4.838,0.201,390.16,585.69,148.03,177.82,-0.56,125.13
2.033,0.414,0.977,0.18,0.669,0.316,5.451,4.675,0.319,386.65,589.72,148.52,177.83,-0.55,125.13
1.959,0.427,0.942,0.139,0.607,0.258,5.362,4.473,0.463,382.78,593.39,149.02,177.82,-0.56,125.13
1.818,0.469,0.908,0.464,0.545,0.216,5.23,4.275,0.611,378.5,596.6,149.52,177.83,-0.56,125.12
1.641,0.486,0.871,0.75,0.506,0.15,5.044,4.087,0.785,373.96,599.25,150.01,177.83,-0.55,125.14
1.448,0.535,0.833,1.018,0.458,0.096,4.793,3.847,0.947,369.2,601.53,150.5,177.82,-0.57,125.12
1.165,0.576,0.803,1.23,0.437,0.049,4.551,3.667,1.08,364.11,603.29,151.03,177.81,-0.56,125.14
0.88,0.678,0.742,1.407,0.421,0.032,4.236,3.52,1.273,359.01,604.43,151.53,177.82,-0.57,125.12
0.551,0.77,0.67,1.494,0.402,0.036,4.016,3.322,1.409,354.09,605.03,152,177.81,-0.56,125.14
0.239,0.813,0.651,1.558,0.416,0.07,3.726,3.185,1.596,348.93,605.11,152.53,177.82,-0.57,125.12
0.107,0.891,0.581,1.545,0.367,0.109,3.491,3.057,1.761,342.68,604.49,153.14,177.81,-0.56,125.13
0.363,0.942,0.536,1.463,0.374,0.159,3.277,2.929,1.944,337.34,603.21,153.67,177.83,-0.56,125.13
0.618,1.01,0.487,1.33,0.354,0.16,3.119,2.799,2.069,332.43,601.54,154.19,177.81,-0.56,125.13
0.814,1.053,0.436,1.172,0.351,0.217,2.92,2.736,2.193,327.75,599.31,154.68,177.81,-0.56,125.13
0.996,1.108,0.376,0.982,0.31,0.263,2.758,2.611,2.351,323.47,596.68,155.17,177.82,-0.56,125.13
1.053,1.103,0.346,0.753,0.303,0.282,2.616,2.489,2.428,319.51,593.61,155.68,177.82,-0.56,125.13
1.172,1.147,0.337,0.573,0.296,0.361,2.476,2.397,2.523,315.91,590.2,156.18,177.82,-0.56,125.13
1.211,1.169,0.286,0.376,0.307,0.418,2.385,2.306,2.557,312.71,586.42,156.69,177.82,-0.56,125.14
1.247,1.202,0.265,0.212,0.274,0.476,2.273,2.226,2.579,309.88,582.3,157.18,177.83,-0.56,125.12
1.215,1.215,0.257,0.05,0.257,0.537,2.189,2.116,2.535,307.65,578.09,157.71,177.82,-0.56,125.13
1.144,1.229,0.269,0.114,0.282,0.615,2.096,2.021,2.498,305.84,573.6,158.18,177.82,-0.56,125.13
1.053,1.242,0.239,0.249,0.275,0.684,1.991,1.922,2.364,304.58,569.08,158.71,177.81,-0.57,125.13
0.988,1.238,0.245,0.375,0.275,0.748,1.895,1.851,2.238,303.72,564.35,159.19,177.82,-0.56,125.14
0.921,1.245,0.263,0.475,0.265,0.825,1.826,1.752,2.029,303.38,559.7,159.7,177.82,-0.56,125.13
0.794,1.244,0.311,0.556,0.277,0.859,1.723,1.643,1.78,303.51,554.94,160.18,177.83,-0.56,125.14
0.729,1.252,0.33,0.633,0.277,0.903,1.647,1.568,1.556,304.18,550.46,160.71,177.81,-0.57,125.13
0.622,1.258,0.376,0.699,0.278,0.927,1.568,1.428,1.284,305.24,546.15,161.2,177.82,-0.56,125.14
0.538,1.271,0.443,0.736,0.284,0.918,1.477,1.343,0.977,306.25,543.24,161.55,177.81,-0.56,125.13
0.465,1.284,0.517,0.776,0.281,0.892,1.439,1.257,0.684,308.08,538.95,162.03,177.82,-0.56,125.13
0.392,1.275,0.597,0.835,0.287,0.851,1.357,1.168,0.407,310.36,534.91,162.52,177.82,-0.56,125.13
0.326,1.314,0.652,0.85,0.264,0.796,1.393,1.019,0.103,313.14,531.02,163.02,177.82,-0.56,125.13
0.248,1.312,0.708,0.889,0.278,0.735,1.36,0.92,0.171,316.2,527.6,163.56,177.82,-0.56,125.13
0.222,1.345,0.795,0.892,0.278,0.632,1.36,0.809,0.394,319.39,524.71,164.01,177.82,-0.57,125.12
0.136,1.35,0.875,0.911,0.287,0.519,1.369,0.701,0.595,323.05,521.98,164.54,177.82,-0.55,125.14
0.093,1.369,0.944,0.933,0.303,0.422,1.372,0.577,0.757,326.74,519.86,165.04,177.83,-0.56,125.12
0.058,1.372,0.984,0.956,0.325,0.304,1.394,0.497,0.89,330.83,518.03,165.58,177.82,-0.56,125.13
0.063,1.363,1.012,0.973,0.35,0.184,1.423,0.389,0.97,335.06,516.6,166.04,177.82,-0.55,125.14
0.081,1.327,1.069,0.985,0.387,0.106,1.444,0.317,1.02,339.33,515.68,166.56,177.82,-0.56,125.12
0.153,1.342,1.084,0.994,0.421,0.021,1.494,0.269,1.021,343.73,515.19,167.04,177.82,-0.55,125.14
0.175,1.315,1.088,1.023,0.463,0.092,1.523,0.229,1.013,348.27,515.16,167.57,177.83,-0.56,125.13
0.232,1.279,1.117,1.021,0.53,0.156,1.595,0.175,1.009,352.41,515.61,168.05,177.81,-0.56,125.13
0.285,1.221,1.096,1.037,0.606,0.228,1.652,0.18,0.928,358.22,516.93,168.79,177.83,-0.56,125.12
0.337,1.168,1.117,1.032,0.644,0.264,1.714,0.22,0.893,362.23,518.39,169.26,177.83,-0.56,125.14
0.398,1.112,1.099,1.036,0.72,0.317,1.784,0.274,0.817,366.04,520.3,169.76,177.82,-0.56,125.13
0.434,1.026,1.079,1.054,0.795,0.32,1.841,0.335,0.745,369.75,522.63,170.28,177.82,-0.55,125.14
0.467,0.964,1.045,1.045,0.845,0.364,1.895,0.462,0.674,373,525.27,170.79,177.82,-0.56,125.13
0.543,0.875,1.016,1.049,0.885,0.399,1.973,0.589,0.598,375.98,528.17,171.29,177.82,-0.56,125.13
0.568,0.783,1,1.037,0.916,0.399,2.059,0.775,0.514,378.61,531.37,171.79,177.83,-0.56,125.13
0.655,0.716,1.002,1.025,0.931,0.379,2.172,0.891,0.485,380.82,534.84,172.29,177.83,-0.56,125.13
0.709,0.636,0.956,0.999,0.932,0.39,2.232,1.121,0.408,382.73,538.58,172.83,177.83,-0.56,125.13
0.723,0.591,0.949,0.984,0.959,0.373,2.302,1.295,0.327,384.16,542.37,173.33,177.83,-0.56,125.12
0.738,0.53,0.917,0.942,0.913,0.363,2.383,1.461,0.235,385.15,546.08,173.79,177.83,-0.56,125.13
0.776,0.464,0.883,0.926,0.894,0.344,2.459,1.637,0.197,385.8,550.04,174.29,177.82,-0.56,125.12
0.799,0.44,0.857,0.862,0.862,0.341,2.494,1.801,0.142,385.99,553.91,174.76,177.82,-0.56,125.12
0.821,0.398,0.836,0.822,0.792,0.329,2.563,1.973,0.076,385.78,557.83,175.29,177.83,-0.56,125.12
0.893,0.343,0.82,0.739,0.772,0.281,2.553,2.079,0.069,385.19,561.46,175.76,177.83,-0.56,125.13
0.968,0.27,0.813,0.681,0.717,0.279,2.587,2.155,0.093,384.68,563.58,176.01,177.83,-0.56,125.13
0.986,0.255,0.811,0.609,0.654,0.241,2.609,2.219,0.131,383.47,567.26,176.52,177.83,-0.56,125.13
1.004,0.229,0.797,0.521,0.627,0.201,2.59,2.285,0.198,381.95,570.83,177.06,177.82,-0.56,125.12
1.01,0.215,0.795,0.427,0.576,0.207,2.577,2.329,0.282,379.99,574.12,177.54,177.83,-0.56,125.13
0.998,0.212,0.774,0.341,0.539,0.164,2.537,2.328,0.339,377.78,577.22,178.05,177.82,-0.56,125.12
0.969,0.206,0.763,0.286,0.498,0.151,2.465,2.322,0.428,375.24,580.02,178.53,177.82,-0.56,125.13
0.916,0.26,0.727,0.17,0.459,0.108,2.371,2.314,0.494,372.47,582.51,179.09,177.82,-0.55,125.13
0.823,0.305,0.702,0.105,0.439,0.09,2.302,2.271,0.56,369.22,584.76,179.55,177.82,-0.56,125.13
0.779,0.288,0.696,0.059,0.403,0.077,2.192,2.266,0.643,365.95,586.51,180.04,177.84,-0.55,125.14
0.708,0.326,0.682,0.025,0.397,0.057,2.111,2.224,0.696,362.78,587.98,180.49,177.82,-0.56,125.13
0.626,0.36,0.646,0.086,0.378,0.031,2.026,2.185,0.77,359.33,589.08,181.04,177.81,-0.56,125.14
0.536,0.379,0.635,0.1,0.354,0.015,1.947,2.126,0.824,355.77,589.8,181.52,177.82,-0.56,125.13
0.441,0.401,0.612,0.137,0.352,0.036,1.859,2.088,0.873,352.4,590.11,182.03,177.82,-0.55,125.13
0.377,0.435,0.58,0.15,0.347,0.045,1.765,2.013,0.947,348.97,590.16,182.47,177.81,-0.56,125.13
0.307,0.44,0.57,0.167,0.327,0.062,1.687,1.964,0.988,345.26,589.74,183.02,177.82,-0.56,125.13
0.218,0.465,0.541,0.123,0.316,0.1,1.588,1.931,1.049,340.26,588.46,183.75,177.82,-0.56,125.13
0.131,0.512,0.498,0.116,0.291,0.123,1.538,1.857,1.056,336.82,587.12,184.26,177.83,-0.56,125.12
0.084,0.536,0.469,0.09,0.291,0.143,1.467,1.823,1.129,333.8,585.55,184.77,177.81,-0.57,125.12
0.057,0.578,0.425,0.061,0.281,0.16,1.418,1.746,1.112,330.82,583.5,185.27,177.83,-0.55,125.13
0.094,0.594,0.434,0.016,0.262,0.188,1.362,1.699,1.112,328.23,581.36,185.79,177.81,-0.57,125.13
0.134,0.643,0.419,0.047,0.269,0.208,1.336,1.645,1.118,325.86,578.87,186.27,177.83,-0.56,125.12
0.212,0.694,0.379,0.071,0.27,0.193,1.31,1.585,1.108,323.89,576.36,186.78,177.81,-0.57,125.13
0.244,0.133,0.575,0.127,0.325,0.308,1.171,1.527,0.982,322.11,573.51,187.29,177.82,-0.56,125.13
0.759,1.006,0.192,0.045,0.377,0.388,1.371,1.142,0.862,320.72,570.51,187.8,177.82,-0.56,125.13
1.045,1.206,0.04,0.012,0.435,0.429,1.349,1.254,0.904,319.65,567.46,188.29,177.81,-0.57,125.13
1.104,1.229,0.032,0.053,0.443,0.433,1.346,1.198,0.847,318.86,564.25,188.79,177.83,-0.56,125.13
1.161,1.201,0.043,0.106,0.452,0.444,1.318,1.125,0.773,318.46,561.25,189.29,177.81,-0.57,125.13
1.222,1.246,0.06,0.139,0.42,0.432,1.295,1.085,0.685,318.35,558,189.78,177.83,-0.56,125.14
1.197,1.269,0.036,0.204,0.41,0.431,1.275,1.018,0.608,318.48,556.92,190.02,177.82,-0.56,125.12
1.187,1.271,0.026,0.246,0.393,0.436,1.239,0.951,0.537,318.84,553.78,190.51,177.82,-0.56,125.12
1.155,1.279,0.008,0.241,0.406,0.411,1.239,0.895,0.456,319.53,550.76,191.03,177.81,-0.56,125.12
1.135,1.28,0.03,0.289,0.4,0.414,1.231,0.814,0.336,320.57,547.65,191.51,177.82,-0.56,125.13
1.103,1.256,0.042,0.311,0.394,0.394,1.253,0.745,0.25,321.84,544.82,192.01,177.83,-0.56,125.12
1.057,1.277,0.067,0.345,0.405,0.385,1.256,0.685,0.146,323.36,542.38,192.51,177.81,-0.56,125.12
1.057,1.265,0.072,0.354,0.406,0.348,1.231,0.629,0.093,325.18,539.94,192.98,177.82,-0.56,125.11
0.986,1.276,0.086,0.352,0.404,0.314,1.216,0.583,0.059,327.2,537.76,193.51,177.81,-0.56,125.12
0.953,1.26,0.119,0.402,0.395,0.301,1.253,0.546,0.072,329.28,535.81,193.96,177.84,-0.55,125.12
0.923,1.269,0.124,0.377,0.42,0.268,1.231,0.509,0.131,331.73,534.17,194.52,177.83,-0.56,125.11
0.915,1.276,0.145,0.406,0.424,0.236,1.226,0.452,0.183,334.31,532.76,195.04,177.82,-0.56,125.12
0.866,1.273,0.162,0.417,0.448,0.203,1.239,0.441,0.205,337.09,531.6,195.55,177.82,-0.56,125.12
0.869,1.286,0.155,0.414,0.44,0.18,1.224,0.432,0.225,339.82,530.78,196.02,177.82,-0.56,125.12
0.839,1.263,0.165,0.412,0.463,0.158,1.269,0.396,0.28,342.48,530.26,196.49,177.82,-0.56,125.12
0.812,1.253,0.201,0.413,0.468,0.139,1.269,0.359,0.274,345.25,530,197.01,177.83,-0.56,125.13
0.8,1.246,0.202,0.411,0.475,0.117,1.256,0.363,0.256,348.05,530.08,197.5,177.82,-0.56,125.12
0.764,1.229,0.203,0.411,0.504,0.081,1.252,0.378,0.252,350.79,530.43,198,177.82,-0.56,125.12
0.75,1.22,0.202,0.408,0.499,0.073,1.301,0.381,0.268,353.45,531.05,198.5,177.82,-0.56,125.12
0.65,1.141,0.292,0.399,0.521,0.066,1.3,0.416,0.254,356,531.96,199.01,177.82,-0.56,125.12
0.572,1.129,0.28,0.423,0.53,0.046,1.316,0.421,0.231,358.42,533.11,199.49,177.82,-0.56,125.12
0.54,1.088,0.28,0.415,0.541,0.033,1.324,0.439,0.233,362.04,535.58,200.39,177.81,-0.56,125.13
0.514,1.029,0.306,0.407,0.561,0.031,1.356,0.477,0.21,362.76,536.12,200.53,177.82,-0.56,125.13
0.479,1.009,0.312,0.374,0.565,0.019,1.345,0.52,0.176,364.53,537.84,200.98,177.82,-0.56,125.13
0.444,1.011,0.302,0.381,0.561,0.026,1.354,0.541,0.137,366.16,539.8,201.49,177.82,-0.56,125.14
0.449,0.94,0.284,0.372,0.579,0.021,1.355,0.596,0.124,367.6,541.96,201.98,177.82,-0.56,125.13
0.409,0.951,0.292,0.365,0.573,0.009,1.358,0.674,0.096,368.76,544.19,202.51,177.82,-0.56,125.13
0.422,0.92,0.273,0.345,0.571,0.007,1.378,0.72,0.062,369.69,546.51,203,177.82,-0.56,125.14
0.403,0.891,0.283,0.322,0.553,0.013,1.352,0.771,0.041,370.38,548.89,203.48,177.82,-0.56,125.13
0.385,0.844,0.285,0.29,0.568,0.007,1.353,0.816,0.065,370.81,551.31,204.03,177.82,-0.56,125.14
0.337,0.818,0.279,0.275,0.534,0.01,1.342,0.878,0.077,370.97,553.62,204.47,177.82,-0.56,125.13
0.347,0.805,0.272,0.277,0.547,0.006,1.338,0.918,0.106,370.86,556.12,205.03,177.82,-0.56,125.14
0.336,0.815,0.247,0.248,0.516,0.024,1.332,0.963,0.105,370.59,558.26,205.46,177.82,-0.56,125.14
0.357,0.802,0.252,0.215,0.493,0.025,1.307,0.996,0.125,370.01,560.55,206.01,177.82,-0.56,125.14
0.369,0.803,0.237,0.19,0.499,0.052,1.283,1.015,0.165,369.25,562.74,206.48,177.81,-0.56,125.14
0.393,0.802,0.215,0.17,0.488,0.04,1.245,1.044,0.19,368.18,564.86,207.02,177.82,-0.56,125.14
0.415,0.798,0.218,0.145,0.476,0.043,1.259,1.072,0.252,367.02,566.7,207.51,177.82,-0.56,125.14
0.434,0.803,0.191,0.14,0.451,0.036,1.229,1.101,0.242,365.57,568.54,208.04,177.82,-0.56,125.14
0.449,0.788,0.186,0.09,0.46,0.059,1.177,1.094,0.303,364.02,570.15,208.57,177.81,-0.56,125.14
0.455,0.816,0.174,0.093,0.426,0.062,1.165,1.123,0.305,362.41,571.44,209.07,177.82,-0.56,125.14
0.483,0.814,0.145,0.091,0.427,0.059,1.106,1.102,0.355,360.57,572.61,209.53,177.82,-0.56,125.14
0.523,0.823,0.139,0.058,0.394,0.07,1.085,1.124,0.353,358.67,573.55,210.02,177.83,-0.55,125.14
0.553,0.832,0.119,0.057,0.395,0.111,1.06,1.103,0.384,356.75,574.39,210.54,177.81,-0.56,125.14
0.568,0.829,0.113,0.039,0.384,0.106,1.008,1.092,0.391,354.74,574.91,211.02,177.81,-0.56,125.14
0.593,0.842,0.107,0.052,0.367,0.103,0.994,1.117,0.403,352.71,575.23,211.54,177.81,-0.56,125.14
0.617,0.854,0.085,0.03,0.37,0.143,0.967,1.093,0.439,350.68,575.33,212.03,177.81,-0.56,125.14
0.627,0.871,0.089,0.035,0.347,0.141,0.948,1.068,0.437,348.59,575.2,212.55,177.81,-0.56,125.14
0.652,0.866,0.07,0.045,0.34,0.145,0.925,1.052,0.427,346.81,574.89,213.04,177.81,-0.56,125.14
0.68,0.891,0.051,0.031,0.323,0.143,0.895,1.029,0.453,344.96,574.37,213.5,177.82,-0.56,125.13
0.722,0.906,0.058,0.042,0.318,0.147,0.89,1.002,0.451,343.17,573.7,214.02,177.81,-0.56,125.13
0.722,0.896,0.03,0.045,0.325,0.151,0.849,0.953,0.417,341.5,572.81,214.52,177.81,-0.56,125.13
0.718,0.912,0.029,0.063,0.317,0.146,0.863,0.965,0.437,339.92,571.76,215,177.82,-0.56,125.13
0.74,0.898,0.018,0.067,0.321,0.153,0.839,0.899,0.439,338.51,570.57,215.52,177.82,-0.56,125.13
0.748,0.904,0.026,0.066,0.313,0.192,0.809,0.88,0.405,337.21,569.23,216.05,177.82,-0.56,125.13
0.76,0.929,0.013,0.076,0.312,0.156,0.816,0.868,0.379,336.21,567.86,216.53,177.81,-0.57,125.13
0.771,0.922,0.017,0.102,0.284,0.17,0.801,0.837,0.398,335.25,566.32,217.02,177.82,-0.56,125.13
0.769,0.93,0.021,0.105,0.283,0.18,0.796,0.819,0.381,334.53,564.74,217.54,177.81,-0.56,125.13
0.76,0.926,0.015,0.098,0.297,0.178,0.779,0.803,0.334,333.94,563.11,218.02,177.82,-0.56,125.13
0.761,0.933,0.011,0.122,0.293,0.184,0.784,0.771,0.329,333.56,561.48,218.51,177.81,-0.56,125.13
0.747,0.926,0.019,0.142,0.294,0.174,0.795,0.71,0.317,333.33,559.86,219.01,177.82,-0.56,125.13
0.744,0.937,0.014,0.155,0.289,0.176,0.778,0.694,0.265,333.29,558.21,219.48,177.82,-0.56,125.13
0.72,0.942,0.033,0.168,0.278,0.18,0.765,0.667,0.255,333.45,556.57,220.02,177.82,-0.56,125.13
0.743,0.924,0.014,0.178,0.296,0.165,0.788,0.654,0.228,333.75,555.01,220.51,177.82,-0.56,125.12
0.745,0.934,0.009,0.196,0.297,0.178,0.795,0.625,0.2,334.2,553.55,220.98,177.82,-0.56,125.13
0.73,0.921,0.004,0.186,0.286,0.161,0.784,0.606,0.201,334.81,552.15,221.5,177.82,-0.56,125.13
0.728,0.928,0.008,0.195,0.284,0.147,0.786,0.569,0.177,335.53,550.82,221.98,177.82,-0.56,125.13
0.693,0.908,0.016,0.22,0.285,0.149,0.754,0.565,0.161,336.4,549.61,222.48,177.83,-0.56,125.13
0.694,0.907,0.02,0.226,0.287,0.14,0.75,0.538,0.131,337.37,548.52,223.01,177.83,-0.56,125.13
0.7,0.907,0.024,0.233,0.272,0.135,0.766,0.506,0.114,338.44,547.58,223.5,177.83,-0.56,125.13
0.669,0.887,0.033,0.231,0.29,0.124,0.771,0.483,0.108,339.58,546.75,224.02,177.83,-0.56,125.13
0.686,0.867,0.033,0.221,0.295,0.112,0.78,0.503,0.095,340.82,546.13,224.54,177.82,-0.56,125.12
0.652,0.856,0.032,0.23,0.298,0.112,0.751,0.487,0.102,342.05,545.59,225.05,177.82,-0.56,125.13
0.644,0.874,0.047,0.228,0.284,0.106,0.74,0.479,0.066,343.34,545.22,225.55,177.82,-0.56,125.12
0.641,0.854,0.04,0.215,0.288,0.098,0.755,0.459,0.075,344.55,544.99,226.03,177.82,-0.56,125.13
0.635,0.834,0.045,0.215,0.306,0.097,0.764,0.453,0.086,345.81,544.89,226.52,177.82,-0.56,125.13
0.588,0.827,0.055,0.237,0.297,0.09,0.776,0.457,0.082,347.07,544.93,227.03,177.82,-0.56,125.13
0.582,0.806,0.07,0.23,0.289,0.074,0.741,0.441,0.074,348.28,545.09,227.52,177.82,-0.56,125.13
0.591,0.821,0.058,0.219,0.295,0.079,0.744,0.449,0.076,349.45,545.36,228.02,177.83,-0.56,125.13
0.592,0.801,0.061,0.237,0.286,0.076,0.785,0.47,0.086,350.56,545.79,228.52,177.82,-0.56,125.13
0.583,0.799,0.041,0.215,0.315,0.07,0.737,0.45,0.06,351.57,546.31,229.03,177.82,-0.56,125.13
0.578,0.765,0.046,0.221,0.287,0.088,0.737,0.483,0.073,352.49,546.92,229.51,177.82,-0.56,125.13
0.562,0.758,0.059,0.233,0.299,0.065,0.762,0.455,0.069,353.34,547.61,230.02,177.83,-0.56,125.13
0.554,0.751,0.048,0.206,0.284,0.05,0.757,0.472,0.083,354.08,548.4,230.53,177.82,-0.56,125.13
0.554,0.772,0.047,0.207,0.3,0.061,0.739,0.455,0.077,354.72,549.23,231.03,177.82,-0.56,125.13
0.553,0.757,0.052,0.208,0.292,0.071,0.732,0.465,0.098,355.25,550.09,231.52,177.82,-0.56,125.13
0.563,0.742,0.058,0.206,0.29,0.051,0.691,0.495,0.106,355.68,551,232.04,177.82,-0.56,125.13
0.544,0.73,0.037,0.2,0.286,0.049,0.719,0.505,0.096,355.98,551.92,232.53,177.82,-0.56,125.13
0.529,0.719,0.026,0.201,0.302,0.061,0.696,0.49,0.105,356.18,552.84,233.04,177.82,-0.56,125.13
0.566,0.701,0.032,0.186,0.287,0.061,0.697,0.521,0.097,356.28,553.75,233.54,177.82,-0.56,125.13
0.556,0.708,0.026,0.204,0.277,0.055,0.671,0.509,0.116,356.27,554.64,234.05,177.82,-0.56,125.13
0.551,0.713,0.048,0.177,0.281,0.067,0.664,0.542,0.146,356.16,555.51,234.55,177.82,-0.56,125.13
0.556,0.696,0.027,0.185,0.289,0.065,0.63,0.542,0.15,355.95,556.32,235.05,177.82,-0.56,125.13
0.571,0.699,0.016,0.174,0.279,0.074,0.648,0.55,0.145,355.68,557.09,235.56,177.82,-0.56,125.13
0.535,0.71,0.036,0.187,0.278,0.054,0.631,0.557,0.14,355.32,557.78,236.04,177.82,-0.56,125.13
0.552,0.687,0.005,0.156,0.288,0.063,0.649,0.561,0.161,354.9,558.41,236.54,177.82,-0.56,125.13
0.558,0.694,0.017,0.15,0.277,0.058,0.605,0.553,0.159,354.41,558.98,237.04,177.82,-0.56,125.13
0.556,0.687,0.012,0.15,0.267,0.073,0.575,0.577,0.175,353.89,559.46,237.54,177.82,-0.56,125.13
0.566,0.686,0.014,0.147,0.247,0.049,0.58,0.557,0.175,353.33,559.87,238.04,177.82,-0.56,125.13
0.557,0.666,0.017,0.169,0.265,0.073,0.587,0.558,0.169,352.75,560.2,238.55,177.82,-0.56,125.13
0.563,0.69,0.008,0.15,0.25,0.083,0.573,0.565,0.173,352.16,560.45,239.05,177.82,-0.56,125.13
0.573,0.687,0.014,0.153,0.256,0.073,0.582,0.552,0.185,351.56,560.61,239.55,177.82,-0.56,125.13
0.568,0.68,0.022,0.154,0.259,0.086,0.545,0.544,0.189,350.97,560.7,240.05,177.82,-0.56,125.13
0.576,0.685,0.023,0.139,0.247,0.082,0.55,0.546,0.191,350.4,560.72,240.55,177.82,-0.56,125.13
0.585,0.694,0.01,0.152,0.237,0.057,0.55,0.561,0.198,349.86,560.66,241.05,177.82,-0.56,125.13
0.584,0.686,0.032,0.147,0.244,0.088,0.506,0.523,0.194,349.35,560.54,241.56,177.82,-0.56,125.13
0.6,0.685,0.023,0.149,0.245,0.077,0.524,0.483,0.186,348.88,560.37,242.06,177.82,-0.56,125.13
0.585,0.694,0.039,0.135,0.251,0.069,0.51,0.523,0.195,348.45,560.14,242.56,177.82,-0.56,125.13
0.608,0.679,0.026,0.159,0.243,0.075,0.5,0.499,0.192,348.08,559.87,243.06,177.82,-0.56,125.13
0.604,0.669,0.028,0.151,0.238,0.079,0.493,0.519,0.193,347.77,559.57,243.56,177.82,-0.56,125.13
0.602,0.658,0.009,0.149,0.259,0.101,0.495,0.502,0.164,347.52,559.24,244.06,177.82,-0.56,125.13
0.611,0.68,0.041,0.151,0.239,0.082,0.5,0.496,0.183,347.32,558.9,244.57,177.82,-0.56,125.13
0.59,0.681,0.027,0.147,0.222,0.077,0.465,0.495,0.184,347.19,558.56,245.07,177.82,-0.56,125.13
0.582,0.654,0.034,0.143,0.235,0.074,0.46,0.489,0.162,347.11,558.2,245.57,177.82,-0.56,125.13
0.58,0.673,0.032,0.159,0.215,0.065,0.48,0.469,0.167,347.1,557.87,246.07,177.82,-0.56,125.13
0.584,0.673,0.041,0.155,0.22,0.072,0.477,0.455,0.151,347.13,557.55,246.57,177.82,-0.56,125.13
0.586,0.672,0.029,0.152,0.236,0.092,0.467,0.462,0.172,347.22,557.26,247.07,177.82,-0.56,125.13
0.578,0.659,0.03,0.176,0.222,0.091,0.453,0.466,0.148,347.35,557.01,247.58,177.82,-0.56,125.13
0.621,0.666,0.044,0.16,0.244,0.085,0.45,0.451,0.159,347.52,556.79,248.08,177.82,-0.56,125.13
0.587,0.652,0.031,0.161,0.213,0.074,0.446,0.43,0.18,347.72,556.61,248.58,177.82,-0.56,125.13
0.588,0.66,0.027,0.156,0.222,0.066,0.438,0.439,0.163,347.94,556.48,249.08,177.82,-0.56,125.13
0.576,0.655,0.039,0.139,0.228,0.071,0.442,0.419,0.157,348.19,556.4,249.59,177.82,-0.56,125.13
1.626,1.588,0.035,0.19,0.408,0.744,1.984,1.492,1.532,274.67,556.66,102.25,177.83,-0.55,125.13
3.201,1.773,1.979,2.189,0.752,6.778,1.916,3.356,14.508,274.03,549.07,100.52,177.82,-0.56,125.13
2.815,1.9,1.896,2.231,0.969,8.66,1.656,2.869,11.678,275.44,541.5,101.04,177.82,-0.56,125.14
2.413,1.993,1.554,2.291,1.099,10.109,1.341,2.338,8.115,277.6,534.16,101.54,177.82,-0.56,125.13
2.083,2.059,1.033,2.293,1.169,10.841,0.991,1.824,4.284,279.89,528.5,101.91,177.83,-0.56,125.13
1.886,2.149,0.363,2.245,1.145,10.918,0.718,1.222,0.307,283.52,521.41,102.42,177.82,-0.56,125.12
1.701,2.268,0.446,2.179,1.011,10.381,0.466,0.674,3.339,287.78,514.97,102.95,177.81,-0.57,125.13
1.581,2.382,1.291,2.073,0.833,9.461,0.287,0.222,6.519,292.51,509.08,103.41,177.82,-0.56,125.13
1.471,2.56,2.125,1.966,0.618,8.245,0.164,0.432,9.199,297.97,503.67,103.94,177.82,-0.56,125.13
1.394,2.8,2.913,1.825,0.351,6.818,0.221,0.841,11.155,303.94,498.85,104.44,177.82,-0.56,125.13
1.292,3.12,3.554,1.702,0.074,5.224,0.21,1.304,12.394,310.39,494.74,104.96,177.81,-0.56,125.13
1.172,3.466,4.014,1.563,0.257,3.542,0.208,1.731,12.854,317.19,491.29,105.46,177.82,-0.56,125.13
1.07,3.952,4.206,1.458,0.57,1.933,0.244,2.157,12.618,324.3,488.57,105.95,177.82,-0.56,125.13
0.992,4.55,4.209,1.367,0.817,0.442,0.272,2.661,11.855,331.61,486.67,106.46,177.82,-0.56,125.13
0.865,5.254,4.041,1.294,0.98,0.71,0.406,3.206,10.795,339.04,485.5,106.95,177.83,-0.56,125.12
0.763,6.005,3.786,1.267,0.948,1.57,0.605,3.895,9.51,346.55,485.15,107.47,177.83,-0.56,125.13
0.651,6.71,3.467,1.301,0.693,2.086,0.824,4.743,8.224,353.83,485.57,107.94,177.83,-0.56,125.12
